cidade,sexo
Campinas,1. Masculino
Campinas,1. Masculino
Campinas,1. Masculino
Campinas,1. Masculino
Campinas,1. Masculino
Campinas,1. Masculino
Campinas,1. Masculino
Campinas,1. Masculino
Campinas,1. Masculino
Campinas,1. Masculino
Campinas,2. Feminino
Campinas,1. Masculino
Campinas,1. Masculino
Campinas,1. Masculino
Campinas,1. Masculino
Campinas,1. Masculino
Campinas,1. Masculino
Campinas,1. Masculino
Campinas,1. Masculino
Campinas,1. Masculino
Campinas,1. Masculino
Campinas,1. Masculino
Campinas,1. Masculino
Campinas,1. Masculino
Campinas,1. Masculino
Campinas,1. Masculino
Campinas,1. Masculino
Campinas,1. Masculino
Campinas,2. Feminino
Campinas,1. Masculino
Campinas,1. Masculino
Campinas,1. Masculino
Campinas,2. Feminino
Campinas,1. Masculino
Campinas,1. Masculino
Campinas,1. Masculino
Campinas,1. Masculino
Campinas,1. Masculino
Campinas,1. Masculino
Campinas,2. Feminino
Campinas,1. Masculino
Campinas,1. Masculino
Campinas,2. Feminino
Campinas,1. Masculino
Campinas,1. Masculino
Campinas,2. Feminino
Campinas,1. Masculino
Campinas,1. Masculino
Campinas,1. Masculino
Campinas,1. Masculino
Campinas,1. Masculino
Campinas,1. Masculino
Campinas,1. Masculino
Campinas,1. Masculino
Campinas,1. Masculino
Campinas,1. Masculino
Campinas,1. Masculino
Campinas,2. Feminino
Campinas,1. Masculino
Campinas,1. Masculino
Campinas,1. Masculino
Campinas,1. Masculino
Campinas,1. Masculino
Campinas,1. Masculino
Campinas,1. Masculino
Campinas,2. Feminino
Campinas,1. Masculino
Campinas,1. Masculino
Campinas,2. Feminino
Campinas,1. Masculino
Campinas,1. Masculino
Campinas,1. Masculino
Campinas,2. Feminino
Campinas,1. Masculino
Campinas,1. Masculino
Campinas,1. Masculino
Campinas,2. Feminino
Campinas,1. Masculino
Campinas,1. Masculino
Campinas,1. Masculino
Campinas,1. Masculino
Campinas,1. Masculino
Campinas,1. Masculino
Campinas,2. Feminino
Campinas,1. Masculino
Campinas,1. Masculino
Campinas,1. Masculino
Campinas,2. Feminino
Campinas,1. Masculino
Campinas,1. Masculino
Campinas,1. Masculino
Campinas,2. Feminino
Campinas,1. Masculino
Campinas,1. Masculino
Campinas,2. Feminino
Campinas,1. Masculino
Campinas,1. Masculino
Campinas,1. Masculino
Campinas,1. Masculino
Campinas,1. Masculino
Campinas,1. Masculino
Campinas,1. Masculino
Campinas,1. Masculino
Campinas,1. Masculino
Campinas,1. Masculino
Campinas,1. Masculino
Campinas,3. Outro
Campinas,1. Masculino
Campinas,1. Masculino
Campo Grande,1. Masculino
Campo Grande,1. Masculino
Campo Grande,2. Feminino
Campo Grande,1. Masculino
Campo Grande,1. Masculino
Campo Grande,1. Masculino
Campo Grande,1. Masculino
Campo Grande,2. Feminino
Campo Grande,2. Feminino
Campo Grande,1. Masculino
Campo Grande,1. Masculino
Campo Grande,1. Masculino
Campo Grande,1. Masculino
Campo Grande,1. Masculino
Campo Grande,2. Feminino
Campo Grande,1. Masculino
Campo Grande,1. Masculino
Campo Grande,2. Feminino
Campo Grande,1. Masculino
Campo Grande,1. Masculino
Campo Grande,1. Masculino
Campo Grande,1. Masculino
Campo Grande,1. Masculino
Campo Grande,1. Masculino
Campo Grande,1. Masculino
Campo Grande,2. Feminino
Campo Grande,1. Masculino
Campo Grande,2. Feminino
Campo Grande,2. Feminino
Campo Grande,2. Feminino
Campo Grande,1. Masculino
Campo Grande,1. Masculino
Campo Grande,1. Masculino
Campo Grande,1. Masculino
Campo Grande,1. Masculino
Campo Grande,1. Masculino
Campo Grande,1. Masculino
Campo Grande,1. Masculino
Campo Grande,1. Masculino
Campo Grande,1. Masculino
Campo Grande,1. Masculino
Campo Grande,1. Masculino
Campo Grande,1. Masculino
Campo Grande,1. Masculino
Campo Grande,2. Feminino
Campo Grande,1. Masculino
Campo Grande,1. Masculino
Campo Grande,2. Feminino
Campo Grande,1. Masculino
Campo Grande,1. Masculino
Campo Grande,2. Feminino
Campo Grande,1. Masculino
Campo Grande,1. Masculino
Campo Grande,2. Feminino
Campo Grande,1. Masculino
Campo Grande,1. Masculino
Campo Grande,1. Masculino
Campo Grande,1. Masculino
Campo Grande,1. Masculino
Campo Grande,1. Masculino
Campo Grande,2. Feminino
Campo Grande,1. Masculino
Campo Grande,1. Masculino
Campo Grande,1. Masculino
Campo Grande,2. Feminino
Campo Grande,2. Feminino
Campo Grande,1. Masculino
Campo Grande,2. Feminino
Campo Grande,1. Masculino
Campo Grande,2. Feminino
Campo Grande,1. Masculino
Campo Grande,1. Masculino
Campo Grande,2. Feminino
Campo Grande,2. Feminino
Campo Grande,1. Masculino
Campo Grande,1. Masculino
Campo Grande,2. Feminino
Campo Grande,1. Masculino
Campo Grande,1. Masculino
Campo Grande,1. Masculino
Campo Grande,1. Masculino
Campo Grande,1. Masculino
Campo Grande,1. Masculino
Campo Grande,1. Masculino
Campo Grande,1. Masculino
Campo Grande,1. Masculino
Campo Grande,1. Masculino
Campo Grande,1. Masculino
Campo Grande,1. Masculino
Campo Grande,2. Feminino
Campo Grande,2. Feminino
Campo Grande,2. Feminino
Campo Grande,1. Masculino
Campo Grande,1. Masculino
Campo Grande,1. Masculino
Campo Grande,2. Feminino
Campo Grande,1. Masculino
Campo Grande,2. Feminino
Campo Grande,1. Masculino
Campo Grande,2. Feminino
Campo Grande,1. Masculino
Campo Grande,1. Masculino
Campo Grande,1. Masculino
Campo Grande,1. Masculino
Campo Grande,1. Masculino
Campo Grande,1. Masculino
Campo Grande,2. Feminino
Campo Grande,2. Feminino
Campo Grande,2. Feminino
Campo Grande,1. Masculino
Campo Grande,1. Masculino
Campo Grande,1. Masculino
Campo Grande,2. Feminino
Campo Grande,1. Masculino
Campo Grande,1. Masculino
Campo Grande,2. Feminino
Campo Grande,1. Masculino
Campo Grande,1. Masculino
Campo Grande,1. Masculino
Campo Grande,1. Masculino
Campo Grande,2. Feminino
Campo Grande,1. Masculino
Campo Grande,2. Feminino
Campo Grande,1. Masculino
Campo Grande,2. Feminino
Campo Grande,1. Masculino
Campo Grande,1. Masculino
Campo Grande,1. Masculino
Campo Grande,1. Masculino
Campo Grande,1. Masculino
Campo Grande,1. Masculino
Campo Grande,1. Masculino
Campo Grande,1. Masculino
Campo Grande,1. Masculino
Campo Grande,1. Masculino
Campo Grande,2. Feminino
Campo Grande,1. Masculino
Campo Grande,2. Feminino
Campo Grande,1. Masculino
Campo Grande,1. Masculino
Campo Grande,2. Feminino
Campo Grande,2. Feminino
Campo Grande,1. Masculino
Campo Grande,2. Feminino
Campo Grande,2. Feminino
Campo Grande,2. Feminino
Campo Grande,1. Masculino
Campo Grande,1. Masculino
Campo Grande,1. Masculino
Campo Grande,2. Feminino
Campo Grande,2. Feminino
Campo Grande,1. Masculino
Campo Grande,2. Feminino
Campo Grande,1. Masculino
Campo Grande,2. Feminino
Campo Grande,1. Masculino
Campo Grande,1. Masculino
Campo Grande,1. Masculino
Campo Grande,1. Masculino
Campo Grande,1. Masculino
Campo Grande,2. Feminino
Campo Grande,1. Masculino
Campo Grande,1. Masculino
Campo Grande,1. Masculino
Campo Grande,1. Masculino
Campo Grande,1. Masculino
Campo Grande,1. Masculino
Campo Grande,1. Masculino
Campo Grande,1. Masculino
Campo Grande,1. Masculino
Campo Grande,1. Masculino
Campo Grande,1. Masculino
Campo Grande,1. Masculino
Campo Grande,2. Feminino
Campo Grande,1. Masculino
Campo Grande,1. Masculino
Campo Grande,1. Masculino
Campo Grande,2. Feminino
Campo Grande,1. Masculino
Campo Grande,2. Feminino
Campo Grande,2. Feminino
Campo Grande,1. Masculino
Campo Grande,2. Feminino
Campo Grande,2. Feminino
Campo Grande,2. Feminino
Campo Grande,2. Feminino
Campo Grande,1. Masculino
Campo Grande,1. Masculino
Campo Grande,2. Feminino
Campo Grande,1. Masculino
Campo Grande,1. Masculino
Campo Grande,1. Masculino
Campo Grande,2. Feminino
Campo Grande,1. Masculino
Campo Grande,1. Masculino
Campo Grande,1. Masculino
Campo Grande,1. Masculino
Campo Grande,1. Masculino
Campo Grande,1. Masculino
Campo Grande,1. Masculino
Campo Grande,2. Feminino
Campo Grande,1. Masculino
Campo Grande,1. Masculino
Campo Grande,1. Masculino
Campo Grande,1. Masculino
Campo Grande,2. Feminino
Campo Grande,2. Feminino
Campo Grande,1. Masculino
Campo Grande,1. Masculino
Campo Grande,2. Feminino
Campo Grande,2. Feminino
Campo Grande,1. Masculino
Campo Grande,1. Masculino
Campo Grande,1. Masculino
Campo Grande,1. Masculino
Campo Grande,2. Feminino
Campo Grande,2. Feminino
Campo Grande,2. Feminino
Campo Grande,1. Masculino
Campo Grande,1. Masculino
Campo Grande,1. Masculino
Campo Grande,2. Feminino
Campo Grande,2. Feminino
Campo Grande,1. Masculino
Campo Grande,1. Masculino
Campo Grande,1. Masculino
Campo Grande,2. Feminino
Campo Grande,1. Masculino
Campo Grande,1. Masculino
Campo Grande,2. Feminino
Campo Grande,1. Masculino
Campo Grande,2. Feminino
Campo Grande,2. Feminino
Campo Grande,2. Feminino
Campo Grande,1. Masculino
Campo Grande,2. Feminino
Campo Grande,1. Masculino
Campo Grande,1. Masculino
Campo Grande,2. Feminino
Campo Grande,2. Feminino
Campo Grande,2. Feminino
Campo Grande,2. Feminino
Campo Grande,2. Feminino
Campo Grande,1. Masculino
Campo Grande,2. Feminino
Campo Grande,1. Masculino
Campo Grande,2. Feminino
Campo Grande,1. Masculino
Campo Grande,2. Feminino
Campo Grande,2. Feminino
Campo Grande,1. Masculino
Campo Grande,1. Masculino
Campo Grande,1. Masculino
Campo Grande,1. Masculino
Campo Grande,1. Masculino
Campo Grande,1. Masculino
Campo Grande,1. Masculino
Campo Grande,1. Masculino
Campo Grande,1. Masculino
Campo Grande,2. Feminino
Campo Grande,2. Feminino
Campo Grande,1. Masculino
Campo Grande,1. Masculino
Campo Grande,2. Feminino
Campo Grande,1. Masculino
Campo Grande,1. Masculino
Campo Grande,2. Feminino
Campo Grande,1. Masculino
Campo Grande,1. Masculino
Campo Grande,1. Masculino
Campo Grande,1. Masculino
Campo Grande,1. Masculino
Campo Grande,1. Masculino
Campo Grande,1. Masculino
Campo Grande,1. Masculino
Campo Grande,1. Masculino
Campo Grande,1. Masculino
Campo Grande,2. Feminino
Campo Grande,1. Masculino
Campo Grande,2. Feminino
Campo Grande,1. Masculino
Campo Grande,1. Masculino
Campo Grande,1. Masculino
Campo Grande,1. Masculino
Campo Grande,2. Feminino
Campo Grande,1. Masculino
Campo Grande,2. Feminino
Campo Grande,1. Masculino
Campo Grande,1. Masculino
Campo Grande,1. Masculino
Campo Grande,1. Masculino
Campo Grande,1. Masculino
Campo Grande,2. Feminino
Campo Grande,2. Feminino
Campo Grande,2. Feminino
Campo Grande,1. Masculino
Campo Grande,2. Feminino
Campo Grande,2. Feminino
Campo Grande,2. Feminino
Campo Grande,1. Masculino
Campo Grande,2. Feminino
Campo Grande,2. Feminino
Campo Grande,1. Masculino
Campo Grande,2. Feminino
Campo Grande,1. Masculino
Campo Grande,1. Masculino
Campo Grande,1. Masculino
Campo Grande,1. Masculino
Campo Grande,2. Feminino
Campo Grande,1. Masculino
Campo Grande,1. Masculino
Campo Grande,1. Masculino
Campo Grande,1. Masculino
Campo Grande,1. Masculino
Campo Grande,2. Feminino
Campo Grande,2. Feminino
Campo Grande,1. Masculino
Campo Grande,1. Masculino
Campo Grande,2. Feminino
Campo Grande,2. Feminino
Campo Grande,2. Feminino
Campo Grande,1. Masculino
Campo Grande,1. Masculino
Campo Grande,1. Masculino
Campo Grande,1. Masculino
Campo Grande,1. Masculino
Campo Grande,2. Feminino
Campo Grande,1. Masculino
Campo Grande,2. Feminino
Campo Grande,1. Masculino
Campo Grande,2. Feminino
Campo Grande,2. Feminino
Campo Grande,2. Feminino
Campo Grande,2. Feminino
Campo Grande,2. Feminino
Campo Grande,2. Feminino
Campo Grande,2. Feminino
Campo Grande,1. Masculino
Campo Grande,2. Feminino
Campo Grande,1. Masculino
Campo Grande,2. Feminino
Campo Grande,1. Masculino
Campo Grande,2. Feminino
Campo Grande,1. Masculino
Campo Grande,1. Masculino
Campo Grande,2. Feminino
Campo Grande,2. Feminino
Campo Grande,2. Feminino
Campo Grande,1. Masculino
Campo Grande,1. Masculino
Campo Grande,1. Masculino
Campo Grande,2. Feminino
Campo Grande,1. Masculino
Campo Grande,1. Masculino
Campo Grande,1. Masculino
Campo Grande,2. Feminino
Campo Grande,2. Feminino
Campo Grande,1. Masculino
Campo Grande,1. Masculino
Campo Grande,1. Masculino
Campo Grande,2. Feminino
Campo Grande,2. Feminino
Campo Grande,1. Masculino
Campo Grande,1. Masculino
Campo Grande,2. Feminino
Campo Grande,1. Masculino
Campo Grande,1. Masculino
Campo Grande,1. Masculino
Campo Grande,1. Masculino
Campo Grande,1. Masculino
Campo Grande,1. Masculino
Campo Grande,2. Feminino
Campo Grande,1. Masculino
Campo Grande,1. Masculino
Campo Grande,1. Masculino
Campo Grande,1. Masculino
Campo Grande,1. Masculino
Campo Grande,2. Feminino
Campo Grande,1. Masculino
Campo Grande,1. Masculino
Campo Grande,1. Masculino
Campo Grande,1. Masculino
Campo Grande,1. Masculino
Campo Grande,1. Masculino
Campo Grande,1. Masculino
Campo Grande,1. Masculino
Campo Grande,1. Masculino
Campo Grande,1. Masculino
Campo Grande,2. Feminino
Campo Grande,1. Masculino
Campo Grande,2. Feminino
Campo Grande,1. Masculino
Campo Grande,1. Masculino
Campo Grande,1. Masculino
Campo Grande,2. Feminino
Campo Grande,1. Masculino
Campo Grande,2. Feminino
Campo Grande,1. Masculino
Campo Grande,2. Feminino
Campo Grande,1. Masculino
Campo Grande,1. Masculino
Campo Grande,1. Masculino
Campo Grande,2. Feminino
Campo Grande,1. Masculino
Campo Grande,2. Feminino
Campo Grande,1. Masculino
Campo Grande,2. Feminino
Campo Grande,1. Masculino
Campo Grande,2. Feminino
Campo Grande,2. Feminino
Campo Grande,2. Feminino
Campo Grande,2. Feminino
Campo Grande,2. Feminino
Campo Grande,1. Masculino
Campo Grande,1. Masculino
Campo Grande,1. Masculino
Campo Grande,1. Masculino
Campo Grande,1. Masculino
Campo Grande,2. Feminino
Campo Grande,2. Feminino
Campo Grande,1. Masculino
Campo Grande,2. Feminino
Campo Grande,1. Masculino
Campo Grande,1. Masculino
Campo Grande,1. Masculino
Campo Grande,1. Masculino
Campo Grande,4. Sem resposta
Campo Grande,1. Masculino
Campo Grande,1. Masculino
Campo Grande,1. Masculino
Campo Grande,1. Masculino
Campo Grande,1. Masculino
Campo Grande,1. Masculino
Campo Grande,1. Masculino
Campo Grande,1. Masculino
Campo Grande,1. Masculino
Campo Grande,1. Masculino
Campo Grande,1. Masculino
Campo Grande,1. Masculino
Campo Grande,1. Masculino
Campo Grande,2. Feminino
Campo Grande,2. Feminino
Campo Grande,2. Feminino
Campo Grande,1. Masculino
Campo Grande,1. Masculino
Campo Grande,2. Feminino
Campo Grande,1. Masculino
Campo Grande,1. Masculino
Campo Grande,1. Masculino
Campo Grande,1. Masculino
Campo Grande,1. Masculino
Campo Grande,1. Masculino
Campo Grande,2. Feminino
Campo Grande,2. Feminino
Campo Grande,2. Feminino
Campo Grande,1. Masculino
Campo Grande,1. Masculino
Campo Grande,1. Masculino
Campo Grande,1. Masculino
Campo Grande,1. Masculino
Campo Grande,1. Masculino
Campo Grande,4. Sem resposta
Campo Grande,2. Feminino
Campo Grande,1. Masculino
Campo Grande,1. Masculino
Campo Grande,2. Feminino
Campo Grande,2. Feminino
Campo Grande,2. Feminino
Campo Grande,1. Masculino
Campo Grande,1. Masculino
Campo Grande,1. Masculino
Campo Grande,2. Feminino
Campo Grande,1. Masculino
Campo Grande,1. Masculino
Campo Grande,2. Feminino
Campo Grande,2. Feminino
Campo Grande,1. Masculino
Campo Grande,1. Masculino
Campo Grande,1. Masculino
Campo Grande,1. Masculino
Campo Grande,2. Feminino
Campo Grande,1. Masculino
Campo Grande,1. Masculino
Campo Grande,1. Masculino
Campo Grande,1. Masculino
Campo Grande,1. Masculino
Campo Grande,1. Masculino
Campo Grande,1. Masculino
Campo Grande,1. Masculino
Campo Grande,1. Masculino
Campo Grande,2. Feminino
Campo Grande,1. Masculino
Campo Grande,2. Feminino
Campo Grande,2. Feminino
Campo Grande,1. Masculino
Campo Grande,2. Feminino
Campo Grande,1. Masculino
Campo Grande,1. Masculino
Campo Grande,1. Masculino
Campo Grande,2. Feminino
Campo Grande,1. Masculino
Campo Grande,1. Masculino
Campo Grande,2. Feminino
Campo Grande,1. Masculino
Campo Grande,1. Masculino
Campo Grande,1. Masculino
Campo Grande,1. Masculino
Campo Grande,1. Masculino
Campo Grande,2. Feminino
Campo Grande,2. Feminino
Campo Grande,1. Masculino
Campo Grande,2. Feminino
Campo Grande,1. Masculino
Campo Grande,1. Masculino
Campo Grande,1. Masculino
Campo Grande,1. Masculino
Campo Grande,1. Masculino
Campo Grande,1. Masculino
Campo Grande,3. Outro
Campo Grande,2. Feminino
Campo Grande,1. Masculino
Campo Grande,1. Masculino
Maceió,1. Masculino
Maceió,1. Masculino
Maceió,1. Masculino
Maceió,1. Masculino
Maceió,1. Masculino
Maceió,2. Feminino
Maceió,2. Feminino
Maceió,1. Masculino
Maceió,1. Masculino
Maceió,1. Masculino
Maceió,1. Masculino
Maceió,1. Masculino
Maceió,1. Masculino
Maceió,1. Masculino
Maceió,1. Masculino
Maceió,1. Masculino
Maceió,1. Masculino
Maceió,1. Masculino
Maceió,1. Masculino
Maceió,1. Masculino
Maceió,2. Feminino
Maceió,1. Masculino
Maceió,1. Masculino
Maceió,1. Masculino
Maceió,1. Masculino
Maceió,1. Masculino
Maceió,2. Feminino
Maceió,1. Masculino
Maceió,1. Masculino
Maceió,1. Masculino
Maceió,1. Masculino
Maceió,1. Masculino
Maceió,1. Masculino
Maceió,2. Feminino
Maceió,1. Masculino
Maceió,1. Masculino
Maceió,1. Masculino
Maceió,1. Masculino
Maceió,1. Masculino
Maceió,1. Masculino
Maceió,1. Masculino
Maceió,1. Masculino
Maceió,2. Feminino
Maceió,1. Masculino
Maceió,1. Masculino
Maceió,1. Masculino
Maceió,1. Masculino
Manaus,1. Masculino
Mogi das Cruzes,1. Masculino
Mogi das Cruzes,1. Masculino
Mogi das Cruzes,1. Masculino
Mogi das Cruzes,1. Masculino
Mogi das Cruzes,1. Masculino
Mogi das Cruzes,1. Masculino
Mogi das Cruzes,1. Masculino
Mogi das Cruzes,1. Masculino
Mogi das Cruzes,2. Feminino
Mogi das Cruzes,1. Masculino
Mogi das Cruzes,1. Masculino
Mogi das Cruzes,1. Masculino
Mogi das Cruzes,1. Masculino
Mogi das Cruzes,1. Masculino
Mogi das Cruzes,1. Masculino
Mogi das Cruzes,1. Masculino
Mogi das Cruzes,2. Feminino
Mogi das Cruzes,1. Masculino
Mogi das Cruzes,1. Masculino
Mogi das Cruzes,1. Masculino
Mogi das Cruzes,1. Masculino
Mogi das Cruzes,1. Masculino
Mogi das Cruzes,1. Masculino
Mogi das Cruzes,1. Masculino
Mogi das Cruzes,1. Masculino
Mogi das Cruzes,2. Feminino
Mogi das Cruzes,1. Masculino
Mogi das Cruzes,1. Masculino
Mogi das Cruzes,1. Masculino
Mogi das Cruzes,1. Masculino
Mogi das Cruzes,1. Masculino
Mogi das Cruzes,1. Masculino
Mogi das Cruzes,1. Masculino
Mogi das Cruzes,1. Masculino
Mogi das Cruzes,1. Masculino
Mogi das Cruzes,1. Masculino
Mogi das Cruzes,1. Masculino
Mogi das Cruzes,1. Masculino
Mogi das Cruzes,1. Masculino
Mogi das Cruzes,1. Masculino
Mogi das Cruzes,1. Masculino
Mogi das Cruzes,1. Masculino
Mogi das Cruzes,1. Masculino
Mogi das Cruzes,1. Masculino
Mogi das Cruzes,1. Masculino
Mogi das Cruzes,1. Masculino
Mogi das Cruzes,1. Masculino
Mogi das Cruzes,2. Feminino
Mogi das Cruzes,1. Masculino
Mogi das Cruzes,1. Masculino
Mogi das Cruzes,1. Masculino
Mogi das Cruzes,1. Masculino
Mogi das Cruzes,1. Masculino
Mogi das Cruzes,1. Masculino
Mogi das Cruzes,1. Masculino
Mogi das Cruzes,1. Masculino
Mogi das Cruzes,1. Masculino
Mogi das Cruzes,2. Feminino
Mogi das Cruzes,1. Masculino
Mogi das Cruzes,1. Masculino
Mogi das Cruzes,1. Masculino
Mogi das Cruzes,1. Masculino
Mogi das Cruzes,1. Masculino
Mogi das Cruzes,1. Masculino
Mogi das Cruzes,2. Feminino
Mogi das Cruzes,1. Masculino
Mogi das Cruzes,1. Masculino
Mogi das Cruzes,1. Masculino
Mogi das Cruzes,1. Masculino
Mogi das Cruzes,1. Masculino
Mogi das Cruzes,1. Masculino
Mogi das Cruzes,2. Feminino
Mogi das Cruzes,1. Masculino
Mogi das Cruzes,1. Masculino
Mogi das Cruzes,1. Masculino
Mogi das Cruzes,1. Masculino
Mogi das Cruzes,2. Feminino
Mogi das Cruzes,1. Masculino
Mogi das Cruzes,1. Masculino
Mogi das Cruzes,1. Masculino
Mogi das Cruzes,1. Masculino
Mogi das Cruzes,1. Masculino
Mogi das Cruzes,1. Masculino
Mogi das Cruzes,1. Masculino
Mogi das Cruzes,1. Masculino
Mogi das Cruzes,1. Masculino
Mogi das Cruzes,2. Feminino
Mogi das Cruzes,1. Masculino
Mogi das Cruzes,1. Masculino
Mogi das Cruzes,1. Masculino
Mogi das Cruzes,1. Masculino
Mogi das Cruzes,1. Masculino
Mogi das Cruzes,1. Masculino
Mogi das Cruzes,1. Masculino
Mogi das Cruzes,1. Masculino
Mogi das Cruzes,1. Masculino
Mogi das Cruzes,2. Feminino
Mogi das Cruzes,1. Masculino
Mogi das Cruzes,1. Masculino
Mogi das Cruzes,2. Feminino
Mogi das Cruzes,2. Feminino
Mogi das Cruzes,1. Masculino
Mogi das Cruzes,1. Masculino
Mogi das Cruzes,1. Masculino
Mogi das Cruzes,1. Masculino
Mogi das Cruzes,1. Masculino
Mogi das Cruzes,1. Masculino
Mogi das Cruzes,1. Masculino
Mogi das Cruzes,1. Masculino
Niterói,2. Feminino
Niterói,1. Masculino
Niterói,1. Masculino
Niterói,1. Masculino
Niterói,1. Masculino
Niterói,2. Feminino
Niterói,2. Feminino
Niterói,1. Masculino
Niterói,1. Masculino
Niterói,2. Feminino
Niterói,1. Masculino
Niterói,2. Feminino
Niterói,2. Feminino
Niterói,2. Feminino
Niterói,1. Masculino
Niterói,1. Masculino
Niterói,1. Masculino
Niterói,2. Feminino
Niterói,1. Masculino
Niterói,1. Masculino
Niterói,2. Feminino
Niterói,2. Feminino
Niterói,1. Masculino
Niterói,2. Feminino
Niterói,1. Masculino
Niterói,2. Feminino
Niterói,1. Masculino
Niterói,1. Masculino
Niterói,2. Feminino
Niterói,1. Masculino
Niterói,1. Masculino
Niterói,2. Feminino
Niterói,1. Masculino
Niterói,1. Masculino
Niterói,4. Sem resposta
Niterói,1. Masculino
Niterói,3. Outro
Niterói,2. Feminino
Niterói,1. Masculino
Niterói,1. Masculino
Niterói,1. Masculino
Niterói,1. Masculino
Niterói,1. Masculino
Niterói,1. Masculino
Niterói,2. Feminino
Niterói,1. Masculino
Niterói,1. Masculino
Niterói,1. Masculino
Niterói,1. Masculino
Niterói,1. Masculino
Niterói,2. Feminino
Niterói,1. Masculino
Niterói,2. Feminino
Niterói,1. Masculino
Niterói,1. Masculino
Niterói,1. Masculino
Niterói,2. Feminino
Niterói,1. Masculino
Niterói,1. Masculino
Niterói,1. Masculino
Niterói,1. Masculino
Niterói,2. Feminino
Niterói,2. Feminino
Niterói,1. Masculino
Niterói,2. Feminino
Niterói,1. Masculino
Niterói,1. Masculino
Niterói,1. Masculino
Niterói,1. Masculino
Niterói,2. Feminino
Niterói,1. Masculino
Niterói,1. Masculino
Niterói,1. Masculino
Niterói,1. Masculino
Niterói,2. Feminino
Niterói,3. Outro
Niterói,2. Feminino
Niterói,1. Masculino
Niterói,2. Feminino
Niterói,1. Masculino
Niterói,1. Masculino
Niterói,2. Feminino
Niterói,1. Masculino
Niterói,4. Sem resposta
Niterói,2. Feminino
Niterói,1. Masculino
Niterói,2. Feminino
Niterói,1. Masculino
Niterói,1. Masculino
Niterói,1. Masculino
Niterói,1. Masculino
Niterói,1. Masculino
Niterói,2. Feminino
Niterói,1. Masculino
Niterói,1. Masculino
Niterói,1. Masculino
Niterói,1. Masculino
Niterói,1. Masculino
Niterói,2. Feminino
Niterói,1. Masculino
Niterói,1. Masculino
Niterói,1. Masculino
Niterói,1. Masculino
Rio de Janeiro,2. Feminino
Rio de Janeiro,1. Masculino
Rio de Janeiro,1. Masculino
Rio de Janeiro,1. Masculino
Rio de Janeiro,1. Masculino
Campos dos Goytacazes,2. Feminino
Mogi das Cruzes,1. Masculino
Mogi das Cruzes,1. Masculino
Mogi das Cruzes,1. Masculino
Mogi das Cruzes,2. Feminino
Mogi das Cruzes,1. Masculino
Mogi das Cruzes,1. Masculino
Mogi das Cruzes,2. Feminino
Mogi das Cruzes,1. Masculino
Mogi das Cruzes,1. Masculino
Mogi das Cruzes,1. Masculino
Mogi das Cruzes,1. Masculino
Niterói,2. Feminino
Niterói,1. Masculino
Niterói,1. Masculino
Niterói,2. Feminino
Niterói,1. Masculino
Niterói,1. Masculino
Niterói,2. Feminino
Niterói,1. Masculino
Niterói,2. Feminino
Niterói,1. Masculino
Niterói,1. Masculino
Niterói,1. Masculino
Niterói,2. Feminino
Niterói,1. Masculino
Niterói,1. Masculino
Niterói,1. Masculino
Petrópolis,1. Masculino
Petrópolis,2. Feminino
Petrópolis,1. Masculino
Petrópolis,1. Masculino
Petrópolis,1. Masculino
Petrópolis,1. Masculino
Petrópolis,1. Masculino
Petrópolis,1. Masculino
Petrópolis,1. Masculino
Petrópolis,1. Masculino
Petrópolis,1. Masculino
Petrópolis,1. Masculino
Petrópolis,1. Masculino
Petrópolis,1. Masculino
Petrópolis,1. Masculino
Petrópolis,2. Feminino
Petrópolis,1. Masculino
Petrópolis,1. Masculino
Petrópolis,1. Masculino
Petrópolis,1. Masculino
Petrópolis,1. Masculino
Petrópolis,1. Masculino
Petrópolis,1. Masculino
Petrópolis,1. Masculino
Petrópolis,1. Masculino
Petrópolis,1. Masculino
Petrópolis,1. Masculino
Petrópolis,1. Masculino
Petrópolis,1. Masculino
Petrópolis,1. Masculino
Petrópolis,2. Feminino
Petrópolis,1. Masculino
Petrópolis,1. Masculino
Petrópolis,1. Masculino
Petrópolis,1. Masculino
Petrópolis,1. Masculino
Petrópolis,1. Masculino
Petrópolis,1. Masculino
Petrópolis,1. Masculino
Petrópolis,2. Feminino
Petrópolis,2. Feminino
Petrópolis,1. Masculino
Petrópolis,2. Feminino
Petrópolis,1. Masculino
Petrópolis,1. Masculino
Petrópolis,1. Masculino
Petrópolis,1. Masculino
Petrópolis,1. Masculino
Petrópolis,1. Masculino
Petrópolis,2. Feminino
Petrópolis,1. Masculino
Petrópolis,1. Masculino
Petrópolis,1. Masculino
Petrópolis,4. Sem resposta
Petrópolis,1. Masculino
Petrópolis,1. Masculino
Petrópolis,1. Masculino
Petrópolis,2. Feminino
Petrópolis,2. Feminino
Petrópolis,1. Masculino
Petrópolis,1. Masculino
Petrópolis,1. Masculino
Petrópolis,1. Masculino
Petrópolis,1. Masculino
Petrópolis,1. Masculino
Petrópolis,1. Masculino
Petrópolis,2. Feminino
Petrópolis,1. Masculino
Petrópolis,1. Masculino
Petrópolis,2. Feminino
Petrópolis,1. Masculino
Petrópolis,1. Masculino
Petrópolis,1. Masculino
Petrópolis,1. Masculino
Petrópolis,1. Masculino
Petrópolis,2. Feminino
Petrópolis,1. Masculino
Petrópolis,1. Masculino
Petrópolis,1. Masculino
Petrópolis,1. Masculino
Petrópolis,1. Masculino
Petrópolis,2. Feminino
Petrópolis,1. Masculino
Petrópolis,1. Masculino
Petrópolis,1. Masculino
Petrópolis,1. Masculino
Petrópolis,1. Masculino
Petrópolis,4. Sem resposta
Petrópolis,4. Sem resposta
Petrópolis,1. Masculino
Petrópolis,1. Masculino
Petrópolis,1. Masculino
Petrópolis,1. Masculino
Petrópolis,1. Masculino
Petrópolis,1. Masculino
Petrópolis,1. Masculino
Petrópolis,1. Masculino
Petrópolis,1. Masculino
Petrópolis,1. Masculino
Petrópolis,1. Masculino
Petrópolis,1. Masculino
Petrópolis,2. Feminino
Petrópolis,1. Masculino
Petrópolis,1. Masculino
Petrópolis,1. Masculino
Petrópolis,1. Masculino
Petrópolis,1. Masculino
Petrópolis,2. Feminino
Petrópolis,2. Feminino
Petrópolis,1. Masculino
Petrópolis,1. Masculino
Petrópolis,1. Masculino
Petrópolis,2. Feminino
Petrópolis,1. Masculino
Petrópolis,1. Masculino
Petrópolis,1. Masculino
Petrópolis,2. Feminino
Petrópolis,2. Feminino
Petrópolis,2. Feminino
Petrópolis,2. Feminino
Petrópolis,2. Feminino
Petrópolis,1. Masculino
Petrópolis,1. Masculino
Petrópolis,1. Masculino
Petrópolis,1. Masculino
Petrópolis,1. Masculino
Petrópolis,2. Feminino
Petrópolis,1. Masculino
Petrópolis,1. Masculino
Petrópolis,1. Masculino
Petrópolis,1. Masculino
Petrópolis,1. Masculino
Petrópolis,1. Masculino
Petrópolis,1. Masculino
Petrópolis,1. Masculino
Petrópolis,1. Masculino
Petrópolis,1. Masculino
Petrópolis,1. Masculino
Petrópolis,1. Masculino
Petrópolis,1. Masculino
Petrópolis,1. Masculino
Petrópolis,1. Masculino
Petrópolis,1. Masculino
Petrópolis,1. Masculino
Petrópolis,1. Masculino
Petrópolis,1. Masculino
Petrópolis,1. Masculino
Petrópolis,1. Masculino
Petrópolis,1. Masculino
Petrópolis,2. Feminino
Petrópolis,1. Masculino
Petrópolis,1. Masculino
Petrópolis,1. Masculino
Petrópolis,1. Masculino
Petrópolis,2. Feminino
Petrópolis,1. Masculino
Petrópolis,1. Masculino
Petrópolis,1. Masculino
Petrópolis,1. Masculino
Petrópolis,1. Masculino
Petrópolis,2. Feminino
Petrópolis,2. Feminino
Petrópolis,2. Feminino
Petrópolis,1. Masculino
Petrópolis,1. Masculino
Petrópolis,1. Masculino
Petrópolis,1. Masculino
Petrópolis,1. Masculino
Petrópolis,1. Masculino
Petrópolis,1. Masculino
Petrópolis,1. Masculino
Petrópolis,1. Masculino
Petrópolis,1. Masculino
Petrópolis,1. Masculino
Petrópolis,2. Feminino
Petrópolis,1. Masculino
Petrópolis,1. Masculino
Petrópolis,1. Masculino
Petrópolis,2. Feminino
Petrópolis,1. Masculino
Petrópolis,1. Masculino
Petrópolis,1. Masculino
Petrópolis,1. Masculino
Petrópolis,1. Masculino
Petrópolis,1. Masculino
Petrópolis,1. Masculino
Petrópolis,1. Masculino
Petrópolis,1. Masculino
Petrópolis,1. Masculino
Petrópolis,1. Masculino
Petrópolis,1. Masculino
Petrópolis,1. Masculino
Petrópolis,1. Masculino
Petrópolis,1. Masculino
Petrópolis,1. Masculino
Petrópolis,2. Feminino
Petrópolis,1. Masculino
Petrópolis,2. Feminino
Petrópolis,2. Feminino
Petrópolis,2. Feminino
Petrópolis,1. Masculino
Petrópolis,1. Masculino
Petrópolis,1. Masculino
Petrópolis,1. Masculino
Petrópolis,1. Masculino
Petrópolis,1. Masculino
Petrópolis,1. Masculino
Petrópolis,1. Masculino
Petrópolis,1. Masculino
Petrópolis,2. Feminino
Petrópolis,1. Masculino
Petrópolis,1. Masculino
Petrópolis,4. Sem resposta
Petrópolis,1. Masculino
Petrópolis,1. Masculino
Petrópolis,2. Feminino
Petrópolis,1. Masculino
Petrópolis,1. Masculino
Petrópolis,1. Masculino
Petrópolis,1. Masculino
Petrópolis,1. Masculino
Petrópolis,4. Sem resposta
Petrópolis,1. Masculino
Petrópolis,1. Masculino
Petrópolis,1. Masculino
Petrópolis,1. Masculino
Petrópolis,1. Masculino
Petrópolis,2. Feminino
Petrópolis,2. Feminino
Petrópolis,1. Masculino
Petrópolis,1. Masculino
Petrópolis,2. Feminino
Petrópolis,1. Masculino
Petrópolis,1. Masculino
Petrópolis,1. Masculino
Petrópolis,1. Masculino
Petrópolis,1. Masculino
Petrópolis,4. Sem resposta
Petrópolis,1. Masculino
Petrópolis,1. Masculino
Petrópolis,1. Masculino
Petrópolis,1. Masculino
Petrópolis,1. Masculino
Petrópolis,1. Masculino
Petrópolis,1. Masculino
Petrópolis,4. Sem resposta
Petrópolis,1. Masculino
Petrópolis,1. Masculino
Petrópolis,1. Masculino
Petrópolis,1. Masculino
Petrópolis,1. Masculino
Petrópolis,1. Masculino
Petrópolis,1. Masculino
Petrópolis,1. Masculino
Petrópolis,1. Masculino
Petrópolis,2. Feminino
Petrópolis,1. Masculino
Petrópolis,1. Masculino
Petrópolis,1. Masculino
Petrópolis,2. Feminino
Petrópolis,1. Masculino
Petrópolis,1. Masculino
Petrópolis,1. Masculino
Petrópolis,1. Masculino
Petrópolis,1. Masculino
Petrópolis,1. Masculino
Petrópolis,2. Feminino
Petrópolis,1. Masculino
Petrópolis,1. Masculino
Petrópolis,1. Masculino
Petrópolis,1. Masculino
Petrópolis,2. Feminino
Petrópolis,1. Masculino
Petrópolis,1. Masculino
Petrópolis,1. Masculino
Petrópolis,1. Masculino
Petrópolis,1. Masculino
Petrópolis,1. Masculino
Petrópolis,1. Masculino
Petrópolis,1. Masculino
Petrópolis,1. Masculino
Petrópolis,1. Masculino
Petrópolis,1. Masculino
Petrópolis,1. Masculino
Petrópolis,1. Masculino
Petrópolis,1. Masculino
Petrópolis,1. Masculino
Petrópolis,1. Masculino
Petrópolis,1. Masculino
Petrópolis,1. Masculino
Petrópolis,1. Masculino
Petrópolis,1. Masculino
Petrópolis,1. Masculino
Petrópolis,1. Masculino
Petrópolis,1. Masculino
Petrópolis,1. Masculino
Petrópolis,1. Masculino
Petrópolis,1. Masculino
Petrópolis,1. Masculino
Petrópolis,2. Feminino
Petrópolis,1. Masculino
Petrópolis,1. Masculino
Petrópolis,1. Masculino
Petrópolis,1. Masculino
Petrópolis,1. Masculino
Petrópolis,1. Masculino
Petrópolis,1. Masculino
Petrópolis,1. Masculino
Petrópolis,1. Masculino
Petrópolis,2. Feminino
Petrópolis,1. Masculino
Petrópolis,1. Masculino
Petrópolis,1. Masculino
Petrópolis,1. Masculino
Petrópolis,1. Masculino
Petrópolis,1. Masculino
Petrópolis,1. Masculino
Petrópolis,1. Masculino
Petrópolis,1. Masculino
Petrópolis,2. Feminino
